Job Role,Skills
Data Scientist,"Python,SQL,Machine Learning,Statistics,Data Analysis,Pandas"
DevOps Engineer,"AWS,Docker,Kubernetes,CI/CD,Automation,Linux"
Backend Developer,"Java,Python,SQL,APIs,Spring Boot,Databases"
Frontend Developer,"JavaScript,React,HTML,CSS,UI Design,TypeScript"
Cloud Architect,"AWS,Cloud Computing,Networking,Security,Automation,Docker"
Machine Learning Engineer,"Python,Machine Learning,TensorFlow,Data Structures,Statistics,SQL"
Data Engineer,"Python,SQL,ETL,Data Structures,Cloud Computing,Big Data"
Full Stack Developer,"JavaScript,Python,React,APIs,SQL,HTML"
Cybersecurity Analyst,"Networking,Security,Linux,Python,Risk Assessment,Cryptography"
Mobile App Developer,"Java,Kotlin,Swift,UI Design,APIs,Mobile Development"
Database Administrator,"SQL,Databases,Linux,Backup Recovery,Performance Tuning,Security"
Site Reliability Engineer,"Linux,Automation,Kubernetes,Docker,CI/CD,Monitoring"
QA Automation Engineer,"Python,Java,Test Automation,Selenium,CI/CD,APIs"
Business Intelligence Analyst,"SQL,Data Analysis,Power BI,Statistics,Excel,Data Visualization"
Network Engineer,"Networking,Security,Linux,Automation,Cloud Computing,Routing"
